{
  "blend_sharpe_mean": 1.4207645955910613,
  "blend_sharpe_p05": 0.5841340855631693,
  "blend_sharpe_p95": 2.214399605347385,
  "prob_blend_beats_best_single": 0.4625
}