year,strat,basket,hs300,strat_mdd,strat_sharpe
2018,-0.032507956707772956,-0.17531953776608367,-0.26343072284808744,-0.06527056702740552,-0.6250359404366886
2019,0.07621244936078675,0.2795301900173719,0.3606950516399443,-0.013457548991219204,2.767479415092758
2020,0.1668766442770102,0.2558237317133427,0.2721066000875858,-0.044947848119626266,1.9701267677418488
2021,0.053400453098414014,0.06607665457556222,-0.05198637035865683,-0.05097388100652478,0.7981498117458792
2022,-0.04070477366276248,-0.16247468248004882,-0.21632759307849914,-0.05859608541868966,-0.9169050061491624
2023,0.011084511564137589,-0.06847751421004389,-0.11378244947740246,-0.02135215479193342,0.4102844214123861
2024,0.07232290856427159,0.12987764971989746,0.1468332405548045,-0.032100005831737666,1.286547536794017
2025,0.2408354295114432,0.27641855187693154,0.1766314409652452,-0.06616804169098212,1.8661851091321409
2026,0.09344205348263834,0.05276534763478069,0.040384972591436474,-0.07602580249343482,1.5892623212901253
