cost_bps,ann,sharpe,mdd
0,0.10642087845584847,1.0594934127263287,-0.12163542636467184
5,0.10270809112852897,1.02292416072431,-0.12407116651540329
10,0.09900675153312077,0.9863549540890519,-0.1265007850941844
15,0.09531682747944425,0.9497949437248691,-0.12892429590608256
20,0.09163828685913167,0.9132533179953852,-0.13134171272857242
30,0.08431522789306478,0.8402620887602171,-0.1361583193775503
50,0.06980430743065869,0.6949058567500226,-0.15148694996968115
